kineticMean.psiteID;V1;V2;kineticMean.cluster;kineticMean.gene;Sequence
Aak1-S635;19,72312197;2,84045856;8;AAK1;AGHRRILSDVTHSAV
Abi1-S225;21,80589798;3,603846493;8;ABI1;ARLGSQHSPGRTASL
Abi1-S231;-4,988357167;-9,376237059;9;ABI1;HSPGRTASLNQRPRT
Ablim1-S496;6,186666358;-13,95042868;1;ABLIM1;RMIHRSTSQGSINSP
Ablim1-S738;6,139104652;-13,4932041;1;ABLIM1;APSSKTSSLPGYGKN
Ablim1-S789;16,047946;-8,125545002;3;ABLIM1;VRMDRGVSMPNMLEP
Acaca-S79;21,55266317;2,501402237;8;ACACA;FHMRSSMSGLHLVKQ
Acap1-T739;-15,60751771;4,580547734;5;ACAP1;RRSHDLHTL______
Acin1-S825;-2,186440861;-13,73907857;6;ACIN1;KSFKRKISVVSATKG
Acly-S455;-7,673214332;6,609868328;5;ACLY;PAPSRTASFSESRAD
Add1-T11;-6,179992874;17,05524282;7;ADD1;DTRAAVVTSPPPTTA
Add3-S423;-11,15722944;13,96283492;2;ADD3;EDDSAPLSPLKFMAQ
Agap2-S802;8,398354215;-17,01368052;1;AGAP2;RNLARALSTDCTPSG
Agap2-S921;-10,15713295;12,18332009;2;AGAP2;KVKLRTDSQSEAVAI
Akt2-T451;9,217086975;6,404267445;10;AKT2;TAQSITITPPDRYDS
Ampd2-S37;4,08630554;-14,16663246;1;AMPD2;FPLDLRTSMDGKCKE
Ampd2-T36;1,811013808;-14,69970249;6;AMPD2;HFPLDLRTSMDGKCK
Ankrd17-S2401;17,23383812;9,181264769;4;ANKRD17;SSGVRAPSPAPSSVP
Anp32a-S17;-4,481211235;14,58240532;7;ANP32A;ELRNRTPSDVKELVL
Ap3d1-S760;10,12089641;-0,810878318;10;AP3D1;HSSLPTESDEDIAPA
Apbb1ip-S532;9,218617097;-0,298458259;10;APBB1IP;PPPVRRSSDTCGSPA
Apbb1ip-S532+S537;-10,65316399;-9,392657064;9;APBB1IP;PPPVRRSSDTCGSPA
Apbb1ip-S537;-11,25672891;15,94309616;2;APBB1IP;RSSDTCGSPALPSKV
Appl1-S401;16,01705983;9,461400912;4;APPL1;ALEAVTPSPSFQQRH
Arfgap2-S239;7,457457604;-16,45555195;1;ARFGAP2;AQKVSNQSFTEIERQ
Arfgap2-S431;5,939092041;-16,99388481;1;ARFGAP2;FAGAKAISSDMFFGR
Arhgap15-S218;-12,86859786;-9,895405694;9;ARHGAP15;FNLQRSSSSELPSHC
Arhgap25-S2;7,908323177;-19,64742055;1;ARHGAP25;______MSLKLPRNW
Arhgap25-S379;-3,786050715;-13,38264727;6;ARHGAP25;KKAPVPRSSVGWDAT
Arhgap25-S380;-3,041236517;-13,2028886;6;ARHGAP25;KAPVPRSSVGWDATE
Arhgap25-S396;3,602668587;0,533761107;12;ARHGAP25;PPLSRTDSFSNTASS
Arhgap30-S1048;7,585855984;-20,6415543;1;ARHGAP30;AHSSRPLSCLERPPE
Arhgap30-S996;-1,575584327;-14,66970333;6;ARHGAP30;WRNGGSLSFDAAVAL
Arhgef1-S775;20,14611298;-4,067833999;3;ARHGEF1;SRLKPRPSPSSIREP
Arhgef1-S905;-1,804707277;14,40665496;7;ARHGEF1;SQLGGTLSPNLAAPE
Arhgef2-S122;6,023707836;-20,01498205;1;ARHGEF2;TTRERPTSAIYPSDS
Arhgef2-S646;-6,040025034;11,83848056;7;ARHGEF2;RGLFRLESFESLRGE
Arhgef2-S885;5,556393387;-18,60564547;1;ARHGEF2;PLDPRRRSLPAGDAL
Arhgef2-T152;10,73211911;5,209602332;10;ARHGEF2;SLAKSVSTTNIAGHF
Arhgef6-S224;-2,696997986;13,83664844;7;ARHGEF6;KPSERPLSPKAIKGF
Arhgef7-S223;-15,22205162;-13,51005657;9;ARHGEF7;YVREIKPSEKPVSPK
Arhgef7-S776;-5,673850059;-14,23706574;6;ARHGEF7;ASRSRKESAPQVLLP
Arid1a-S1185;-15,68811721;9,435393825;2;ARID1A;PGMSRSNSVGIQDAF
Arid4b-S839;17,26168865;-0,479230547;8;ARID4B;DECLQTGSPGKKEDR
Arl6ip4-S140;-7,503835455;17,89023158;7;ARL6IP4;SLDQWHRSAGEDNDG
Arpc1b-S311;-11,69655392;10,33208077;2;ARPC1B;NLDKKASSEGGAATG
Asap1-S1059;-8,174109483;1,158743546;5;ASAP1;DAIQKQASEDSNDLT
Asap1-S854;19,90448707;-1,760346829;3;ASAP1;PGHKRTLSDPPSPLP
Aspscr1-S279;-9,495081732;10,74915143;2;ASPSCR1;ASLRPLTSPSANSSK
Aspscr1-T278;-17,18067931;12,58147473;2;ASPSCR1;SASLRPLTSPSANSS
Atf2-T53;-3,368084099;8,171990592;7;ATF2;IVADQTPTPTRFLKN
Atp2b1-S1139;-7,225572147;3,049858388;5;ATP2B1;LEKPESRSSIHNFMT
Atp2b1-S1140;-7,189745227;2,178876643;5;ATP2B1;EKPESRSSIHNFMTH
Atrip-S14;0,534257913;9,62008789;7;ATRIP;PNSHRKQSGGLEPFP
Atxn1-S62;-12,82470887;16,9212884;2;ATXN1;HGGGRHGSAGTSGEH
Atxn2l-S109;-1,543860507;13,98262538;7;ATXN2L;TGKGPPQSPVFEGVY
Babam1-T10;9,17834143;5,075724269;10;BABAM1;VAEANSPTEEEEEEE
Bach2-S314;17,0593435;0,814921158;8;BACH2;EMDRKQPSPAPTPST
Bad-S155;4,014182769;14,39393691;7;BAD;GRELRRMSDEFEGSF
Banf1-S4;15,36602577;9,933085931;4;BANF1;____MTTSQKHRDFV
Bcl11b-S381;2,717175948;1,718269325;12;BCL11B;SSTPPPVSPGRGNPM
Bcl11b-S743;-4,202332804;17,90302327;7;BCL11B;ENGSLRFSTPPGDLL
Bcl11b-T376+S381;-13,19841706;9,09324277;2;BCL11B;ELAGNSSTPPPVSPG
Bclaf1-S395;0,452542221;11,94825832;7;BCLAF1;AKQKFHDSEGDDTEE
Bet1-S50;-13,84159338;-4,812015725;11;BET1;VTAIKSLSIEIGHEV
Bin1-S332;17,56051273;10,57000611;4;BIN1;PGATIPKSPSQLRKG
Bin2-T35;7,386794592;-18,98823927;1;BIN2;VLQKLGKTVETKDER
Braf-S135;0,281684652;16,34879187;7;BRAF;ASRNNPKSPQKPIVR
Brd4-S1153;-16,40854007;1,754229498;5;BRD4;VKEEKIHSPIIRSEP
C2cd5-S643;-6,669901467;3,955579229;5;C2CD5;VSEEMIGSPIPEPRQ
C2cd5-S659;2,136527476;-16,56872992;6;C2CD5;SRLLRSQSESSDEVT
Camk4-S337;-10,45066025;12,29021841;2;CAMK4;VASSRLGSASSSHTS
Carhsp1-S53;-10,85938535;3,817980887;5;CARHSP1;TRRTRTFSATVRASQ
Cast-S11;17,62271337;8,234034107;4;CAST;PGPKPAASPRPSRGA
Cast-S219;-9,234172182;15,89282813;2;CAST;QKPFTPASPVQSTPS
Cast-T216;-6,183129761;6,733444225;5;CAST;KKEQKPFTPASPVQS
Cast-T309;-6,575291454;5,889193029;5;CAST;DSPKPMGTDQAIDAL
Cblb-Y708;-10,34008045;-11,8054749;9;CBLB;VEDDDDEYKIPSSHP
Cblb-Y889;-12,26292814;-9,677591485;9;CBLB;ANRASQDYDQLPSSS
Cbl-S617;-7,584952083;-10,57191084;9;CBL;RELTNRHSLPFSLPS
Cbl-Y672;2,192910534;-21,61767773;6;CBL;SSSANAIYSLAARPL
Cbl-Y698;-6,68392587;-9,872061755;9;CBL;ESEEDTEYMTPTSRP
Cbx4-S350;4,117792776;-2,4262061;12;CBX4;DLGSRKLSPTKEAFG
Cbx5-S92;-12,9561893;17,49570472;2;CBX5;SEGNKRKSSFSNSAD
Cbx5-S93;2,733001851;15,41483426;7;CBX5;EGNKRKSSFSNSADD
Ccdc110-T370;-15,51872423;5,096595845;5;CCDC110;KNKDIPITSKNIMDL
Ccdc6-S237;-11,81685462;10,42867214;2;CCDC6;QPVSAPPSPRDISME
Ccdc88b-S1413;17,24084564;-1,985840109;3;CCDC88B;PGGRSSASFSPGDTP
Ccdc9-S60;-12,45928343;1,125910386;5;CCDC9;TAPRKSRSMEKENMA
Ccr7-S365;-10,7839567;-7,894442035;9;CCR7;CRHVRNASVSMEAET
Cct2-S260;-11,1445255;9,369620311;2;CCT2;GSRVRVDSTAKVAEI
Cd247-Y111_111;-13,48741452;12,53670885;2;CD247;RNPQEGVYNALQKDK
Cd247-Y123_123;-12,81456917;12,86126221;2;CD247;KDKMAEAYSEIGTKG
Cd247-Y142;-13,02584961;12,86680475;2;CD247;GKGHDGLYQGLSTAT
Cd247-Y142+T152;-12,81654447;16,13323884;2;CD247;GKGHDGLYQGLSTAT
Cd247-Y153;-10,76758256;14,84477699;2;CD247;STATKDTYDALHMQT
Cd247-Y72_72;-14,75074329;13,09894903;2;CD247;LQDPNQLYNELNLGR
Cd247-Y83_83;-12,41212965;14,16394366;2;CD247;NLGRREEYDVLEKKR
Cd2ap-S224;6,833273584;-20,70947707;1;CD2AP;GDIFKEGSVKLRTRT
Cd2ap-S458;8,838112485;-20,27611771;1;CD2AP;QLPVRPKSVDLDAFV
Cd3d-Y149+S161;-18,59513096;2,559559824;5;CD3D;LLKNEQLYQPLRDRE
Cd3e-Y170;-10,295227;3,277679634;5;CD3E;PPVPNPDYEPIRKGQ
Cd3e-Y181;-13,0913733;13,30422044;2;CD3E;RKGQRDLYSGLNQRA
Cd3g-S148;-8,753541436;-5,358149297;13;CD3G;GVRQSRASDKQTLLQ
Cd3g-Y160;-15,33145272;10,65266334;2;CD3G;LLQNEQLYQPLKDRE
Cd4-S439;5,828013634;-22,05438974;1;CD4;SQIKRLLSEKKTCQC
Cd5-S438;2,29847208;-14,99339144;6;CD5;SHTATVRSQVENPTA
Cd5-T435;0,69327851;-16,84512941;6;CD5;FHRSHTATVRSQVEN
Cd97-S814;-13,15619629;6,622706211;5;CD97;QTRALRSSESGM___
Cdc5l-S273;-16,3460377;-8,941035775;11;CDC5L;HLKRKKESDLPSAIL
Cdk12-S382+S384;6,796116576;12,71335235;7;CDK12;GSRSRHSSISPVRLP
Cdk17-S119_146;-6,314376864;-10,42669211;9;CDK17;ASGTSSDEVQSPTGV
Cdk17-S137;-3,195718599;-11,87068028;6;CDK17;NRIHRRISMEDLNKR
Cdk1-Y15;22,71280855;5,361376337;8;CDK1;EKIGEGTYGVVYKGR
Cdv3-S51;-8,253034477;-5,848483135;13;CDV3;SRPGDGGSLGSGARS
Cenpe-S2383;17,59309945;5,168347337;8;CENPE;TCENSPKSPKVTRTD
Cep55-S426;-5,639701206;6,469458932;5;CEP55;VKATSPKSPSAALND
Cep55-Y377;-14,99211291;15,1336026;2;CEP55;QNMQHQLYVILKELR
Cetn2-S20;16,62367337;-2,531148384;3;CETN2;SAQRKRMSPKPELTE
Cfl1-S3;18,79505206;-2,866020403;3;CFL1;_____MASGVAVSDG
Champ1-S532;-12,13226451;4,229048602;5;CHAMP1;TKAVLPASPEPRKRA
Chd1-S1619;-11,3063159;15,92881839;2;CHD1;RSREHRPSLEGGLKD
Chd4-S296;15,45330307;10,06747631;4;CHD4;IKLGGFGSKRKRSSS
Chd7-S626;-15,50542107;15,46152803;2;CHD7;NQELRRNSLDVSQEE
Chd8-S2040;-13,49618159;2,19493975;5;CHD8;VARSRLTSQDYEVRV
Chtf18-S91;-17,42018865;1,611433027;5;CHTF18;RDQPAPSSPMVKRPR
Cic-S1080;-6,125049167;6,351221538;5;CIC;PGKRRTQSLSALPKE
Cic-S1403;-6,242133534;17,07170096;7;CIC;GFGRKVFSPVIRSSF
Cic-S2275+T2283;-9,752279064;-5,533244195;13;CIC;RPEEVLPSPTLQSLA
Clasp1-S794;16,37912724;-4,484284331;3;CLASP1;AMRVLSTSTDLEAAV
Clasrp-S335;3,540295545;13,9662683;7;CLASRP;FITSFGGSDEEAAAA
Clcc1-S429;19,8613;6,752515813;8;CLCC1;ALRQRFHSGNKSPEV
Clcc1-S433;-18,21720813;5,543153844;5;CLCC1;RFHSGNKSPEVLRAF
Clip1-S347_353;10,9736241;4,9924324;10;CLIP1;SRYARKISGTTALQE
Cmtr1-S27;-3,992370936;-12,90803938;6;CMTR1;GELARHLSSTSDDEP
Copb2-S860;8,726772838;4,481777801;10;COPB2;PDGKPASSPVIMASQ
Cops7a-S255;6,294983172;-22,21012251;1;COPS7A;GTNQRQPSKKASKGK
Coro1a-T424;-7,648315339;7,914673539;5;CORO1A;ATPEPSGTPSSDTVS
Cpsf7-S197;5,35916478;5,457028256;12;CPSF7;HSRDSSDSADGRATP
Crkl-Y251;-11,93596493;-11,25253849;9;CRKL;QKRVPCAYDKTALAL
Crtc3-S370;-1,358007734;15,73762906;7;CRTC3;SLRLFSLSNPSLSTT
Cwc25-S328;3,331485726;15,98832775;7;CWC25;SGYTRKLSAEELERK
Cxcr4-S332;22,38245229;2,242280029;8;CXCR4;NSMSRGSSLKILSKG
Dbnl-S277;2,235491072;-14,90070737;6;DBNL;KQKERAMSTTSVTSS
Dck-S13;9,942449224;6,10249644;10;DCK;KRFCPSPSTSSEGTR
Dcp1a-T420;21,5006157;0,903588599;8;DCP1A;LLQKLRLTPQHDQIQ
Ddx3x-S90;5,240782568;-15,80857098;1;DDX3X;SFFGDRGSGSRGRFD
Ddx5-S24;19,12965035;-1,687038231;3;DDX5;GAPRFGGSRTGPLSG
Ddx5-T26;18,76647743;-1,963111902;3;DDX5;PRFGGSRTGPLSGKK
Dennd4c-S1096;7,429491578;-13,45534729;1;DENND4C;PHVTRTHSFENVNCH
Dennd4c-S1274;-9,282920061;-4,678768709;13;DENND4C;HPLERSSSLPSDRGP
Denr-T78;-7,831391445;8,279193015;5;DENR;ENSPKQETGITEGQG
Dgkz-S162;-9,138616059;4,083320043;5;DGKZ;PSFRESGSRNVREPT
Dlgap5-S328;-10,52364234;9,507905211;2;DLGAP5;SYQVAPLSPRSANAF
Dnajc9-S109;0,979315692;9,822369545;7;DNAJC9;RLLFKKISLEDIQAF
Dnmt1-S138;8,542322603;-1,690079906;10;DNMT1;KPRGPRRSKSDSDTL
Dnmt1-S140;-7,871857717;11,39263649;2;DNMT1;RGPRRSKSDSDTLSV
Dock10-S12;7,119348395;-19,57974494;1;DOCK10;RTRRFTRSLLRPGQA
Dock11-S12;1,330197106;-15,30200824;6;DOCK11;RKFTKRLSKPGTAAE
Dock11-S1240;-4,267320413;-16,0371384;6;DOCK11;KREDSRGSLIPEGAT
Dock2-S1591;2,816484239;-0,748175107;12;DOCK2;KIHEKRVSDNLRPFH
Dock2-S1683;-4,770728978;14,77194401;7;DOCK2;KVEEEPISPGSTLPE
Dock2-S1704;-5,805896828;-8,011982904;13;DOCK2;KKRTKRSSVVFADEK
Dock2-S1722;7,541787729;-22,02694017;1;DOCK2;ESDLKRLSRKQEFMS
Dock2-S587;6,345883176;-15,27435542;1;DOCK2;ATLSRSSSSVGGLSV
Dock8-S433;-7,893699532;-6,129029727;13;DOCK8;EPGVGRNSVGEKRSL
Dok1-S269;-11,18896697;-8,909689214;9;DOK1;QDILRTDSHDGETEG
Dpf2-S244;10,11174087;6,532383147;10;DPF2;EGEDKEDSRPPTPVS
Dpf2-T248;5,75632761;13,00791413;7;DPF2;KEDSRPPTPVSQRSE
Dpysl2-S542;4,626508693;-15,4082367;1;DPYSL2;HQSGFSLSGAQIDDN
Dr1-S105;-19,1242571;-0,157816122;5;DR1;ALKRRKASSRLENLG
Dstn-S3;19,13677644;-4,161097216;3;DSTN;_____MASGVQVADE
Dync1li1-S510;4,611836579;2,438442321;12;DYNC1LI1;TRKPASVSPTTPTSP
Dync1li1-S516;-3,681955919;12,55943299;7;DYNC1LI1;VSPTTPTSPTEGEAS
Eef1a1-Y29_29;18,49481113;-5,103045625;3;EEF1A1;TTTGHLIYKCGGIDK
Eef1b-S106;4,725974335;10,87736847;7;EEF1B;DDIDLFGSDDEEESE
Eef1d-S118;16,24511215;-7,782125985;3;EEF1D;RLSSLEKSSPTPRAT
Eef1d-S162;11,95225155;9,43083479;10;EEF1D;KDIDLFGSDEEEEDK
Eef2-T57;17,47562825;1,700074225;8;EEF2;RAGETRFTDTRKDEQ
Eef2-T57+T59;18,52552262;6,46082177;8;EEF2;RAGETRFTDTRKDEQ
Efr3a-S692;-5,104817009;13,59683346;7;EFR3A;VTDEDRLSRRKSIVD
Eif3b-S111;-2,136194247;14,68385152;7;EIF3B;EQARGHPSAGAEEEG
Eif4b-S283;5,83643639;-16,27474198;1;EIF4B;SGRRAFGSGYRRDDD
Eif4b-S497;-10,79712951;-8,912587623;9;EIF4B;NPPARSQSSDTEQPS
Eif4g1-S1081;7,784682711;-19,16262549;1;EIF4G1;TKITKPGSIDSNNQL
Eif4g1-S1211;-11,8364802;-11,51483681;9;EIF4G1;EGLRKAASLTEDRGR
Eif4g3-S1150;-4,587846305;-14,7362044;6;EIF4G3;PNTFLRGSSKDLLDN
Eif5b-S108;-7,062853921;12,40979419;7;EIF5B;GQKGKKTSFDENDSE
Elf4-S187;9,746652093;6,085531618;10;ELF4;TKNNRSTSPVTDPSM
Eml3-S177;-5,136904247;-15,82752313;6;EML3;KLSRKAASSANLLLR
Ep300-S12;-18,80697139;-0,172436696;5;EP300;VVEPGPPSAKRPKLS
Epb41-S703;-0,899044313;-19,32178528;6;EPB41;SEWDKRLSTHSPFRT
Eps15l1-S229;-6,23443012;4,289689458;5;EPS15L1;AVPVLPASPPPKDSL
Epsti1-S39;-12,80054899;-4,618894176;13;EPSTI1;LQQNRRQSLEVAAPE
Ercc6l-S852;21,98328736;-3,024696942;3;ERCC6L;QKKGLQASPGQEAPS
Etv6-T18+S22;2,575938928;8,546662829;7;ETV6;KQERISYTPPESPVA
Evl-S150;-6,251991899;-10,09772505;9;EVL;EQQHRQESLERRISA
Evl-S257;0,002185116;-12,44755694;6;EVL;KSDANRASSGGGGGG
Evl-S258;0,370030074;-16,31370294;6;EVL;SDANRASSGGGGGGL
Evl-S329;-8,368808929;-10,26532272;9;EVL;KPWERSNSVEKPVSS
Evl-S343;7,051076748;-21,01431538;1;EVL;SLLSRTPSVAKSPEA
Evl-S367;-15,31778091;-1,658232815;5;EVL;SRVKPAGSVNDVGLD
Fam102a-S252;-9,173581155;4,797628015;5;FAM102A;TEHSRSSSLSDLTHR
Fam103a1-S36;9,480329466;5,140747887;10;FAM103A1;YLKRPPESPPIVEEW
Fam195a-S82;-0,88557561;-17,785642;6;FAM195A;RPLTTSPSLEGTQET
Fam207a-S38;-10,32071781;6,643251708;5;FAM207A;VEPALPQSPAGGAGA
Fam63a-S103;-9,953730036;8,644847654;2;FAM63A;RPQELPQSPRIQQPE
Fam65b-S200;-18,72648324;0,037631127;5;FAM65B;ASKAARESLSEINRS
Fam65b-S582;-10,9825624;-6,631207175;9;FAM65B;QLVKRLTSAEGPVTT
Fam65b-T581;-10,89996074;-11,75933957;9;FAM65B;KQLVKRLTSAEGPVT
Fancd2-S10;-11,98873811;4,692294182;5;FANCD2;SKRRRLDSEDKENLT
Fbl-S130;10,2755024;10,8710494;10;FBL;VYGEKRVSISEGDDK
Fcho1-S295;7,815512024;-16,14588239;1;FCHO1;AFRLPGLSRREPRAS
Fcho1-S554;-16,13714316;-0,918761008;5;FCHO1;RPRSRKVSCPLTRSN
Fcho1-T414;-3,92636438;-14,68190107;6;FCHO1;RPRSAPRTGSCAEKP
Fhod1-S514;-9,233416483;-7,631331285;13;FHOD1;ILLRTQRSLEPEPKK
Fmnl1-S184;16,22302965;5,675929785;4;FMNL1;KSKPLDQSVEDLSKA
Fmnl1-T1018+S1021;-16,60513955;-7,781614852;11;FMNL1;SGREEPPTPKSPPKA
Fnbp1-S496;4,18210723;-16,38565906;1;FNBP1;SEQARRQSGLYDGQT
Fnbp4-S440;9,123546;6,180839398;10;FNBP4;DGSVSGSSPRSDISQ
Foxk1-S406;16,82914227;8,684735196;4;FOXK1;SSRSAPASPTHPGLM
Foxk1-S406+S414;-18,58851776;6,351457253;5;FOXK1;SSRSAPASPTHPGLM
Foxk1-S431;4,183357397;13,63552133;7;FOXK1;ECLSREGSPIPHDPD
Foxo3-S252;-11,74493592;3,971487582;5;FOXO3;APRRRAVSMDNSNKY
Fyb-S114;20,29567112;-2,262597803;3;FYB;VGFLKPVSPKPTSLT
Fyb-S203;-13,04280439;-9,663264384;9;FYB;FGQKPSLSTEDSQEE
Fyb-S207;-6,966381778;-8,304338984;13;FYB;PSLSTEDSQEENTSK
Fyb-S27;11,31864686;-15,77093364;1;FYB;PFKVAGQSSPSGIQS
Fyb-S318;-2,560026008;-14,30375416;6;FYB;AGTPWGQSQEKEGDK
Fyb-S561;7,677168624;-13,40225214;1;FYB;AVEIDYDSLKRKKNS
Fyb-Y559;-0,42679001;-19,54468105;6;FYB;TTAVEIDYDSLKRKK
Fyn-Y424_394_420_424;-12,15399385;-5,184666875;13;FYN;DNEYTARQGAKFPIK
Gapvd1-S902;4,740091874;-14,11701566;1;GAPVD1;ERLVRSRSSDIVSSV
Gatad2a-S543;9,99356666;3,004206282;10;GATAD2A;RGVLHTFSQSPKLQN
Gigyf1-S137;-0,274997991;-16,06026805;6;GIGYF1;DSCFYQRSIEEGDGA
Gigyf2-S161;-2,376209661;-12,93567154;6;GIGYF2;REMHRSQSWEERGDR
Git1-S601;-8,661509725;-4,816393551;13;GIT1;SKLSRHGSGADSDYE
Glipr2-S55;3,121719354;1,532701931;12;GLIPR2;STRILKHSPESSRGQ
Gng12-S2;-0,11815337;12,46517698;7;GNG12;______MSSKTASTN
Gnl3-T501;16,46577845;-7,481619672;3;GNL3;DVAPVEETRELSPEQ
Gpatch8-S735;20,36033804;1,33773486;8;GPATCH8;SEPPGSGSPAPPRRR
Gpbp1-S295;7,549584467;-19,79149877;1;GPBP1;TKLTRMRSDKKSEFL
Gpbp1-S381;3,218165861;13,38274812;7;GPBP1;QTDVLSSSLEAEHRL
Grap2-S163;-2,151562412;-15,34830413;6;GRAP2;GNSLDRRSQGGPHPS
Grap2-S180;9,013344418;-23,29132338;1;GRAP2;VGEEIRPSVNRKLSD
Grap2-S186;-9,130976627;-7,150591154;13;GRAP2;PSVNRKLSDHLPLGP
Grap2-S230;-8,766888274;-5,056785357;13;GRAP2;HQDRRGGSLDINDGH
Grap2-T254;-9,24700205;9,567351785;2;GRAP2;TLMHRRHTDPVQLQA
Gtpbp1-S8;18,91225804;0,79173136;8;GTPBP1;MAAERSRSPVDSPVP
Hcls1-S62;-16,36284119;-8,629814959;11;HCLS1;HQLRNKVSEEHDILK
Hcls1-T330;6,48378137;1,243235906;12;HCLS1;YPVPSLPTRQSPLQN
Hdac2-S422;15,7569557;11,13621693;4;HDAC2;IACDEEFSDSEDEGE
Hdac7-S398;-2,288831444;-9,057022125;6;HDAC7;PRLRQIPSAEDLETD
Hdac7-T342;20,97288885;8,495417583;8;HDAC7;LHRPLNRTRSEPLPP
Hdgfrp2-S367;19,72894203;1,178501443;8;HDGFRP2;RAERGGSSGEELEDE
Hdgfrp2-S450;-9,422359358;11,99438223;2;HDGFRP2;VERTRKRSEGLSLER
Hdgfrp2-S659;-3,204575307;16,69166595;7;HDGFRP2;HERTRLASESANDDN
Hipk3-Y359;18,60920321;-5,162327268;3;HIPK3;SKTVCSTYLQSRYYR
Hirip3-T167;14,71320554;10,57469754;4;HIRIP3;SVRSGKVTEEEEDMK
Hist1h1b-S18;3,287350387;-0,106754327;12;HIST1H1B;APAPVEKSPAKKKTT
Hist1h1c-S36_37;2,450580555;-13,75832706;6;HIST1H1C;AGVRRKASGPPVSEL
Hist1h1e-T18+S2;19,62988262;3,91736886;8;HIST1H1E;APAPAEKTPVKKKAR
Hmgn1-S7;-1,369936949;17,70187391;7;HMGN1;_MPKRKVSADGAAKA
Hmha1-S14;8,534837735;-14,56871095;1;HMHA1;RELMKTPSISKKNRA
Hmha1-S23;18,81940447;4,826527034;8;HMHA1;SKKNRAGSPNPQSSS
Hmha1-S577+S591;-2,6165337;14,36684163;7;HMHA1;IMRTRKGSFNPGDAS
Hmha1-S591;21,55068016;-0,358747058;8;HMHA1;SGPEAAGSPPEEGGT
Hmha1-S66;9,07686817;-18,16046481;1;HMHA1;GTLKRPTSLSRHASA
Hmha1-S875;0,424986198;13,90658176;7;HMHA1;SRGRQGGSESEAATL
Hnrnpa1-S95;5,91600663;11,50423232;7;HNRNPA1;RAVSREDSQRPGAHL
Hnrnpa3-S116;5,305484108;12,09273323;7;HNRNPA3;RAVSREDSVKPGAHL
Hnrnpu-S26;-0,855171056;17,47263318;7;HNRNPU;ELKKRRLSDKGLKAD
Hsf1-S303;20,48639365;-0,483328526;8;HSF1;RVKQEPPSPPHSPRV
Ibtk-S1084;-11,29748481;10,53175953;2;IBTK;DVKPWEKSPTTKSAP
Ifi35-T34;20,59592939;7,934399717;8;IFI35;QQLKRERTGSPGAKI
Il16-S792;8,499663486;-12,91598186;1;IL16;KPAWFRQSLKGLRNR
Il16-S839;-15,68097747;-7,649992048;11;IL16;SIRQRISSFENFGSS
Il16-S959;-1,756168153;-18,90376959;6;IL16;MPSQRARSFPLTRTQ
Il16-S967;2,020545277;-21,47108482;6;IL16;FPLTRTQSCETKLLD
Il7r-S375;6,888075682;-16,8320488;1;IL7R;RCLARNLSTCNAPPL
Inpp5d-S1090;6,625781119;-22,0881102;1;INPP5D;GPTPRIRSFTCSSSA
Inpp5d-Y868;-0,700282611;-18,37720996;6;INPP5D;GKMREKLYDFVKTER
Ipcef1-S169;-1,252543595;-11,86018587;6;IPCEF1;KRRETSCSFSSLENT
Ipcef1-S307;6,503994904;-18,09467902;1;IPCEF1;PLGDRRPSTKKELRK
Ipcef1-T166;3,680926575;-15,31852262;1;IPCEF1;SSPKRRETSCSFSSL
Ipcef1-T308;6,428486003;-18,27078464;1;IPCEF1;LGDRRPSTKKELRKS
Iqgap2-S16;-17,72179393;0,860188246;5;IQGAP2;LQRPRYGSIVDDERL
Iqgap2-S764;6,126817437;-16,19360285;1;IQGAP2;IQSLLRASKARDDYK
Irf2bp2-S226;-16,96555891;0,550123856;5;IRF2BP2;GTHKRPASVSSAAAE
Irf2bpl-S69;-7,189164769;12,04050098;7;IRF2BPL;GCFQDGRSPGPPPPV
Irf3-S135;17,88238946;-0,149715991;8;IRF3;GKSSLPHSQENLPKL
Itpr3-S1832;14,08273387;4,838590052;4;ITPR3;ATKGRVSSFSMPSSS
Itpr3-S934;15,01873913;9,025259968;4;ITPR3;MVLSRKQSVFGASSL
Itsn2-S838+S843;19,30045783;-3,394770424;3;ITSN2;SAFTRTVSPGSVSPI
Itsn2-Y554;-12,06755067;14,84809899;2;ITSN2;EYQNKLIYLVPEKQL
Kcnab2-S14;-0,287719435;-18,26663786;6;KCNAB2;TGSPARLSLRQTGSP
Kif16b-S838;-1,514130757;-18,11044534;6;KIF16B;RQLVKLASLEKDLVQ
Kif21b-S1198;-8,779888344;-9,48215918;9;KIF21B;DKVSRTVSLPTRGST
Kif23-S160;3,684165623;9,529307779;7;KIF23;FKSNDRNSMEIQCEV
Kif3a-S689;3,975955502;-15,15957016;1;KIF3A;KMGRRKRSAKPETVI
Kif4-S802;-13,0538573;1,747160911;5;KIF4;KLRRRTFSYDEIHGQ
Kif4-T800;-15,27914297;-12,94896443;9;KIF4;PLKLRRRTFSYDEIH
Kmt2d-S2318;9,989968753;4,434970752;10;KMT2D;PAQALAPSPPSHPDV
Lad1-S62;-6,763110634;-8,547149254;13;LAD1;RSVERLPSVEEAEVS
Larp1-S743;13,50780221;11,20867493;4;LARP1;EPSTIARSLPTTVPE
Larp1-T503;20,37153797;-2,042373695;3;LARP1;PGSPRAVTPVPTKTE
Larp4b-T735;19,42574774;-4,702979092;3;LARP4B;RLSKEQNTPPKSPQ_
Larp7-S253;-13,51869062;14,81559296;2;LARP7;TKRPRTASEGSEAET
Lat-S49;8,274506315;-20,38535653;1;LAT;TESLYPRSILIKPPQ
Lbh-S63;-3,093154573;-15,42979268;6;LBH;KLKDRLPSIVVEPTE
Lbr-S177;16,26073551;5,369435575;4;LBR;RYIVTQYSLRPRREE
Lcp1-S5;-9,636831524;14,62055434;2;LCP1;___MARGSVSDEEMM
Lcp1-S7;4,073038214;9,707080378;7;LCP1;_MARGSVSDEEMMEL
Lcp2-S376;-8,238732077;-5,185029484;13;LCP2;IGFQQSASLPPYFSQ
Lcp2-T341;-15,37830465;-6,450019718;11;LCP2;LPSMSSNTFPSRSVQ
Ldlrap1-S14;0,459306247;17,25096539;7;LDLRAP1;AGRALIRSPSLAKQS
Lig1-S65;-14,8006757;5,453368604;5;LIG1;RKVAQVLSCEGEDED
Limd1-S308;3,879167777;-18,37295662;1;LIMD1;GACPKRDSGLGYEAS
Lime1-Y137;-16,26947627;-0,522794666;5;LIME1;STSSEATYSNVGLAA
Lime1-Y175;-16,10222727;-2,137411303;5;LIME1;RLGPGAEYACIQKHK
Lime1-Y207;-13,06446662;1,271768255;5;LIME1;ATQMDVLYSRVCKPK
Lmnb1-S14;20,13785851;2,951400283;8;LMNB1;VQQQRAGSRASAPAT
Lmnb1-T21;-10,42993052;14,64559546;2;LMNB1;SRASAPATPLSPTRL
Lnp-S411;-7,444148559;-4,929577525;13;LNP;SPVLRADSVPNLEPS
Lrch4-S25;-6,914435604;15,12920801;7;LRCH4;ASVSLPGSPGLPGSR
Lrmp-S362;19,59807879;-2,533333446;3;LRMP;LRRVTIASLPRNLGN
Lrrc41-S276;-13,21571398;14,81319943;2;LRRC41;ASRGRAPSRDEGSLL
Lrrc8c-T198;15,24962916;-8,819219256;3;LRRC8C;NNMNRSGTIQSGPEG
Lrrfip1-S302;4,175323532;11,24114205;7;LRRFIP1;PAEDSALSPGPLAGA
Lsp1-S168;20,58750713;-4,765545993;3;LSP1;RHQVRTPSPLALEDT
Lsp1-S179;10,37857533;-16,23494777;1;LSP1;LEDTVELSSPPLSPT
Lsp1-S184;-14,08460337;-9,108074484;9;LSP1;ELSSPPLSPTTKLAD
Lsp1-T166+S168;20,06301457;-6,316039089;3;LSP1;LIRHQVRTPSPLALE
Lsp1-T166+S168+S180;15,05899363;1,463579285;8;LSP1;LIRHQVRTPSPLALE
Ly9-Y625;-10,30299398;-12,88150352;9;LY9;KEDSNTIYCSVQKPK
Madd-S812;3,108307636;-15,61774505;1;MADD;QKLLRPNSLKLASDS
Map2k2-S222_226;-4,794524946;-12,52261406;6;MAP2K2;VSGQLIDSMANSFVG
Map4k1-S325;-0,797873361;-15,97477578;6;MAP4K1;RSTYRASSLGIPDAD
Map4k1-S405;-8,272178635;10,94806377;2;MAP4K1;KPKFRSPSDDGSGGI
Map4k4-S629;-16,95580377;-3,18252115;11;MAP4K4;PVLSRRDSPLQGGGQ
Map4-S1046;13,64250958;3,504197467;4;MAP4;KAQAKVGSLDNVGHL
Map7d1-S401;19,04668499;-5,696955032;3;MAP7D1;RKPGAGGSPALARRR
Mapk14-Y182;-16,84107847;-5,180621485;11;MAPK14;TDDEMTGYVATRWYR
Mapk1-Y185;-4,833289307;-12,68412562;6;MAPK1;HTGFLTEYVATRWYR
Mapk3-T203+Y205;1,374270775;-2,055967131;12;MAPK3;HDHTGFLTEYVATRW
Mapk3-Y205;-15,97704179;-5,284606852;11;MAPK3;HTGFLTEYVATRWYR
Mark2-S40;-11,71244004;1,417073999;5;MARK2;NMLRGRNSATSADEQ
Mast3-S769;15,16082053;9,080858079;4;MAST3;GDRGRRLSADLRLRS
Matr3-S188;-1,760287261;14,05741514;7;MATR3;KRHFRRDSFDDRGPS
Mbd3-S56;-6,772489714;-15,16176231;6;MBD3;LARYLGGSMDLSTFD
Mbp-S112;-12,07123312;13,48067299;2;MBP;NTFKDRPSESDELQT
Mcm2-S108;-3,870409253;13,34894946;7;MCM2;DVEELTASQREAAER
Mcm3-S668;-7,992744407;-7,112526701;13;MCM3;EKKRKKASEDESDLE
Mcm6-S13;3,785502311;12,19777784;7;MCM6;AAEPGAGSQHPEVRD
Med1-S588;-14,5603239;8,213398337;2;MED1;SIKDRHESVGHGEDF
Med24-S871;18,74513633;0,537020135;8;MED24;DDANILSSPTDRSMN
Mef2d-S180;19,04185607;3,361964021;8;MEF2D;LTDPRLLSPQQPALQ
Mef2d-S251;18,40585473;0,588603315;8;MEF2D;NKVIPAKSPPPPTHN
Mff-S129;19,29234834;-6,601037367;3;MFF;GRLKRERSMSENAVR
Mief1-S59;-2,696986718;13,08176838;7;MIEF1;RAISAPTSPTRLSHS
Mink1-S729;19,79430332;-3,99659822;3;MINK1;GHLPQAGSLERNRNR
Mkl1-S605;16,75159463;13,11674171;4;MKL1;AQQPAPASSPVKRES
Mkl1-S606;-15,11751458;11,0114635;2;MKL1;QQPAPASSPVKRESG
Mllt3-S302;-18,9351216;0,786105862;5;MLLT3;SAKKRKKSSSEALFK
Mllt4-S1275;19,6322713;2,777282361;8;MLLT4;AIQRVTRSQEELREE
Morc2a-S741;21,06355856;-4,507169134;3;MORC2A;RKRSLAVSDEEEAEE
Mphosph6-S111;-3,548894695;3,202205053;5;MPHOSPH6;ETVEVDVSDEEMARR
Mtdh-S303;-17,64998488;-7,307269694;11;MTDH;LSEEKWNSVPPASAG
Mtfr1l-S100;16,96126031;0,219702369;8;MTFR1L;IVMQRNASVPNLRGS
Mtfr1l-S235;12,27409176;8,306630568;10;MTFR1L;ISLSKASSFADMMGI
Mvb12a-S168;7,661938324;-18,86943685;1;MVB12A;SQDMRGLSLDPPKEP
Mybbp1a-S1325;19,03341947;3,002126771;8;MYBBP1A;SLVSRSPSLLQSGVK
Myh9-S1943;3,2822704;15,47906071;7;MYH9;RKGTGDCSDEEVDGK
Myh9-T1939;-3,331475441;-11,55184547;6;MYH9;RRIVRKGTGDCSDEE
Myl12b-T19_19;14,39469619;11,10594464;4;MYL12B;KKRPQRATSNVFAMF
Myo9b-S1264;2,057962096;10,63339075;7;MYO9B;KAQDKPESPSGSTQI
Nab2-S159;20,24669603;-3,45110604;3;NAB2;AGSARSFSPKSPLEL
Nab2-S515;-12,97176735;4,194479899;5;NAB2;LVEGRRSSVKVEAEA
Nbn-S398;-9,930767533;12,63745606;2;NBN;EQSSRKLSQETFNIK
Ncapd2-S1320;-16,51069647;-4,375610201;11;NCAPD2;SRLQPLTSVDSDNDF
Ncaph-S25;-16,52261004;2,014802222;5;NCAPH;GQQDVLSSPLERVPP
Ncbp1-S22;-10,26179259;13,0503021;2;NCBP1;PHKRRKTSDANETED
Nck1-Y105;2,152670716;-18,00243505;6;NCK1;VDPGERLYDLNMPAF
Ncl-S403;-7,61398683;7,781679286;5;NCL;TLLAKNLSFNITEDE
Ncl-S577;-15,98375008;3,010809853;5;NCL;TLFVKGLSEDTTEET
Ncoa2-S771;-15,20243618;-4,909653821;11;NCOA2;PKLERLDSKTDPASN
Ncoa3-S847;-3,79426745;-14,47633818;6;NCOA3;PPYNRAVSLDSPVSV
Ndrg1-S330;-16,36131173;0,221076631;5;NDRG1;LMRSRTASGSSVTSL
Ndrg1-T328;-5,166217401;5,580750559;5;NDRG1;TRLMRSRTASGSSVT
Ndrg2-S332;15,46430721;11,3357191;4;NDRG2;LSRSRTASLTSAASI
Ndrg3-S331;-16,41221822;4,859753534;5;NDRG3;LARSRTHSTSSSIGS
Necap2-S181;8,180449498;-20,3598363;1;NECAP2;TPRARPTSAGGLSLL
Nelfe-S115;-12,3288454;-3,777557892;13;NELFE;QPFQRSMSADEDLQE
Nelfe-S51;-15,28624518;-4,274571388;11;NELFE;GGVKRSLSEQPVVDT
Nfatc1-S235;-11,05185867;15,41184444;2;NFATC1;GACHLLGSPRHSPST
Nfatc2-S136;21,13644975;0,497969942;8;NFATC2;RGRDAGLSPEQPALA
Nfatc2-S136+S150;15,06904797;10,90141236;4;NFATC2;RGRDAGLSPEQPALA
Nfatc2-S150;1,059258656;16,27771333;7;NFATC2;ALAGVAASPRFTLPV
Nfatc2-S238+S245;17,51407887;8,305431448;4;NFATC2;DSCLGRHSPVPRPAS
Nfatc2-S257;-15,19849388;-7,258030013;11;NFATC2;PGAKRRHSCAEALVA
Nfatc2-S257+S270;-6,060447261;14,59827351;7;NFATC2;PGAKRRHSCAEALVA
Nfatc2-S270;-6,075367324;17,2527829;7;NFATC2;VAPLPAASPQRSRSP
Nfatc2-S328;20,33688877;-3,868475872;3;NFATC2;PSKIWKTSPDPTPVS
Nfatc2-S365;18,77038114;3,804051298;8;NFATC2;EQEERRNSAPESILL
Nipbl-S274;-13,03337818;3,106673661;5;NIPBL;AASFPLRSPQPVCSP
Nop56-S554;-2,526143053;15,20623677;7;NOP56;PKKKRKFSEEPEVAA
Nsfl1c-T138;-4,09301799;3,524536433;5;NSFL1C;AVAVERVTKSPGETS
Nudc-S136;5,186593876;4,306884888;12;NUDC;EAQLKNGSLDSPGKQ
Nudt5-S10;5,095923107;9,867541706;7;NUDT5;TRESTESSPGKHLVT
Numb-S440;1,11938721;-2,146881;12;NUMB;AGHRRTPSEADRWLE
Ogfr-S403;0,302874531;16,06801888;7;OGFR;NLEGCALSPTSQEPR
Oxsr1-S359;-1,943507352;17,91822608;7;OXSR1;AAISQLRSPRVKDSL
Pa2g4-S2;1,317857542;15,26993631;7;PA2G4;______MSGEDEQQE
Pacs1-S526;-10,06784037;-12,1836818;9;PACS1;PLSERTNSSDSERSP
Pacs1-S527;2,56424798;-1,056678618;12;PACS1;LSERTNSSDSERSPD
Pacs1-T502;15,55747095;10,84860026;4;PACS1;SKVEGTHTPRQKRST
Pak2-S197;8,270077538;-22,15972239;1;PAK2;TKSIYTRSVIDPIPA
Pan3-S300;17,66360576;12,6815191;4;PAN3;PKITPHTSPAPRRRS
Papolg-S711;-16,26537185;8,113339206;2;PAPOLG;ARKKRLPSKELPDSS
Pbrm1-S39;-4,943915497;13,94872037;7;PBRM1;SRKRRRLSNLPTVDP
Pcbp1-S189;13,93328477;9,733117544;4;PCBP1;PYQPMPASSPVICAG
Pdap1-S176;5,039182423;-19,58582835;1;PDAP1;LSGKRMQSLSLNK__
Pdap1-T18;3,997754636;-15,11594715;1;PDAP1;KGRVRQYTSPEEIDA
Pdcd11-S1468;2,729552081;13,98796926;7;PDCD11;GKRERQESESEQELV
Pdcd4-S457;-17,21226143;3,607477734;5;PDCD4;RGRKRFVSEGDGGRL
Pdcd4-S76;-10,37722041;12,00437537;2;PDCD4;RDSGRGDSVSDNGSE
Pdlim1-S183;5,79527027;-15,6195984;1;PDLIM1;PVVQPHPSGSLIIDK
Pdlim1-S185;-0,675482029;-11,61352335;6;PDLIM1;VQPHPSGSLIIDKDS
Pdlim2-S199;16,93389552;-7,365321355;3;PDLIM2;AVRVLLHSPGRPSSP
Pdlim2-S209;-11,49526489;-11,25271311;9;PDLIM2;RPSSPRFSSLDLEED
Pdlim2-S210;-4,299352544;-14,51037784;6;PDLIM2;PSSPRFSSLDLEEDS
Pea15-S116;-12,66164858;-0,483272294;5;PEA15;KDIIRQPSEEEIIKL
Pfkl-S775;-10,97591087;5,465076604;5;PFKL;HVTRRTLSIDKGF__
Phc3-T607;17,76904958;-5,247303083;3;PHC3;ECARMDRTPPPPTLS
Phf14-S828;-16,23945672;8,715777632;2;PHF14;RTRGRKRSFVPEEEK
Phf2-S651;-17,11188855;0,093529051;5;PHF2;KALRPPSSPGVFGAL
Phf6-S199;18,27715139;2,581323864;8;PHF6;SSSYRDRSPHRSSPN
Phka2-S729;11,1904894;6,909553733;10;PHKA2;VLSGHRKSLNLVDSP
Phrf1-S1045;14,86342634;4,961815424;4;PHRF1;DRTSRSVSPVAEEHT
Pkn2-S582;-5,506725172;16,20286668;7;PKN2;PAPPRASSLGETDES
Plcg1-S1248;-8,949239718;4,589698031;5;PLCG1;HVRAREGSFEARYQQ
Plcg1-Y771;2,265823264;-20,9299021;6;PLCG1;IGTAEPDYGALYEGR
Plcl2-S18;18,65337622;8,302892288;4;PLCL2;GALPTSPSPALGAKG
Plcl2-S87;20,17166432;7,28652546;8;PLCL2;VALARTPSPAAGPVP
Plcl2-T585;-3,650770311;4,263716697;5;PLCL2;SGVEGDVTDEDEGAE
Plec-T4037;0,89564465;-16,17823563;6;PLEC;RGLRKQITVEELVRS
Plekha2-S314;-8,155636631;-11,09389176;9;PLEKHA2;PSFSRSISLTRPGSS
Plekhf2-S16;3,616923744;10,27091654;7;PLEKHF2;EANTRRISIVESCFG
Plekho2-S395;16,96238126;5,991811414;4;PLEKHO2;QFHPRSSSLGDLLRE
Plin3-S245;15,28759478;12,07181429;4;PLIN3;NYFVRLGSLSERLRN
Pnisr-S211;21,7845598;4,193668436;8;PNISR;SFRDRQRSPIALPVK
Pnn-S66;-19,03128237;3,895065037;5;PNN;LLLRRGFSDSGGGPP
Pola1-S192;-17,75372795;-1,078709355;5;POLA1;LIPKKKRSTGALLNP
Pola1-T193;-17,44636957;-1,651568614;5;POLA1;IPKKKRSTGALLNPF
Pola2-S126;-15,26091209;-4,7341139;11;POLA2;GPLKRVSSTPETPLT
Pom121-S352;-4,157722388;12,07811949;7;POM121;SLKRSLASQSSDDHL
Pou2f2-S55;18,16549091;-3,327246215;3;POU2F2;KASPFSVSPTGPSTK
Ppapdc2-S67;14,29774799;7,678597543;4;PPAPDC2;SPVHRRGSFPLAASG
Ppip5k2-S1066;5,025386174;-15,25729105;1;PPIP5K2;PGMRRKISLNTYTPT
Ppm1g-S524;0,165908432;12,50299453;7;PPM1G;RKLEEALSTEGAEDT
Ppm1g-T525;-0,1155747;15,24621378;7;PPM1G;KLEEALSTEGAEDTG
Ppp1r10-S313;-4,966503412;12,14494103;7;PPP1R10;KKKKKVLSPTAAKPS
Ppp1r12a-S445;19,05735712;-3,844136096;3;PPP1R12A;LGLRKTGSYGALAEI
Ppp1r12a-S507;-15,88900225;-4,736710538;11;PPP1R12A;TIPRRLASTSDIEEK
Ppp1r9b-S100;-2,284529678;-15,3374422;6;PPP1R9B;LSLPRASSLNENVDH
Ppp1r9b-S99;1,523468114;-17,34656481;6;PPP1R9B;RLSLPRASSLNENVD
Ppp2r5c-S497;-0,126385297;-16,46737407;6;PPP2R5C;RPLVRRKSELPQDPH
Ppp6r1-S739;-9,672498651;11,77264462;2;PPP6R1;SSIQIPSSPPAHGSP
Prkab1-S108;17,5614938;-0,533202377;8;PRKAB1;SKLPLTRSQNNFVAI
Prkcd-Y311;8,131531673;-21,76202675;1;PRKCD;TTESVGIYQGFEKKP
Prkd2-S197;19,26961956;-0,477520363;8;PRKD2;GARKRRLSSTSLASG
Prkd2-S211;1,633821848;15,94397519;7;PRKD2;GHSVRLGSSESLPCT
Prkd2-S873;-8,833849298;-10,8590736;9;PRKD2;QGLAERISIL_____
Prkd2-T199;6,323616539;12,87966192;7;PRKD2;RKRRLSSTSLASGHS
Prkra-S18;-13,76764739;-7,672970374;11;PRKRA;PPLQREDSGTFSLGK
Prpf4b-S88+S94;13,95333329;11,89529589;4;PRPF4B;RKEVIEASDKEGLSP
Prrc2a-S761;-10,19746038;5,726214359;5;PRRC2A;VPRERSDSGGSSSEP
Prrc2b-S415;-10,81481731;-4,870973189;13;PRRC2B;PRRQRALSLSSADST
Prrc2c-S899;11,48505666;7,64194808;10;PRRC2C;SQPARKRSVSHGSNH
Psmc3-S12;-1,661573748;13,02005921;7;PSMC3;NLLPTPESPVTRQEK
Psmd11-S14;-6,199746974;-15,34479799;6;PSMD11;VEFQRAQSLLSTDRE
Pstpip1-S312;4,858998639;-16,39571841;1;PSTPIP1;CGVIKRFSGLLHGSP
Pstpip1-S318;19,87842513;4,109714743;8;PSTPIP1;FSGLLHGSPKTTPSA
Ptpn1-S335;-4,763825051;-16,21545026;6;PTPN1;FSSHQWVSEETCGDE
Ptpn22-S452;-1,398687592;-16,95028067;6;PTPN22;GPVKRTKSTPFELIQ
Ptpn22-S512;17,55321349;10,32133908;4;PTPN22;LPGACDASCVPRHSP
Ptpn22-S537;-1,53159375;5,150246375;5;PTPN22;LAEDPYFSSSPPNSA
Ptpn22-Y535;4,166224095;-18,60594209;1;PTPN22;TSLAEDPYFSSSPPN
Ptpn6-Y536;-0,789644536;-17,4347449;6;PTPN6;QKGQESEYGNITYPP
Ptpn7-S143;-9,730219703;8,626692739;2;PTPN7;VCLGRAQSQEDSDYI
Ptpn7-S44;22,61682582;5,365697707;8;PTPN7;RLQERRGSSVALMLD
Ptpn7-S45+S63;-18,39850412;6,298830251;5;PTPN7;LQERRGSSVALMLDV
Pum2-S82;-0,096321593;16,73464189;7;PUM2;SEVNAILSPRSESGG
Purb-S6;-10,53504761;-3,920707327;13;PURB;__MADGDSGSERGGG
Pxn-S83;-9,481989575;7,430317666;2;PXN;YAHQQPPSPLPVYSS
R3hdm2-S281_276;-7,782857995;1,657119212;5;R3HDM2;PLQDGRRSKSIEERE
R3hdm2-S283_278;-8,249694181;-11,31431079;9;R3HDM2;QDGRRSKSIEEREEE
Raf1-S642;-4,834074264;17,47365819;7;RAF1;NACTLTTSPRLPVF_
Ranbp2-T2342;-1,001222728;14,29671496;7;RANBP2;TSSTSETTPKAVVSP
Rasa3-S809;-7,966158374;7,572319209;5;RASA3;FKKTRYGSQEHPIGD
Rasal3-S187;-17,51221418;3,366196519;5;RASAL3;PRQIRVGSASSENSM
Rasal3-S74;-8,945977775;-6,417900244;13;RASAL3;AGWGRALSHQEPMVN
Rasal3-S883;4,115901847;-18,64211673;1;RASAL3;GRAWTRASASLPRKP
Rasal3-S95;-7,927233421;2,945885547;5;RASAL3;SLFRRVLSAPPKESR
Rasgrp2-S554;9,327289478;-0,487810439;10;RASGRP2;ECRRRAQSVSLEGSA
Rasgrp2-S554+S565;-20,58694634;-0,052745615;5;RASGRP2;ECRRRAQSVSLEGSA
Rasgrp2-S575;-15,25125033;-1,671130728;5;RASGRP2;HTHHRAFSFSLPRPG
Raver1-S576;-2,994494609;11,11826488;7;RAVER1;QMKSRLLSPIASNRL
Rbck1-Y328;-12,83721622;0,164321676;5;RBCK1;CPFIDSTYSCPGKLL
Rbm10-S723;5,35540629;4,833029855;12;RBM10;LASDDRPSPPRGLVA
Rbm15b-S263;17,97883854;9,400783235;4;RBM15B;QYKQRSLSPVAAPPL
Rbm34-S19;-11,81111422;15,1866172;2;RBM34;KGSERRQSSGDGVSC
Rbm7-S136;-13,94784625;-7,318681826;11;RBM7;QMVQRSFSSPEDYQR
Rcsd1-S108;-11,52274065;1,515311532;5;RCSD1;LPGASPKSPGLKAIV
Rcsd1-S127;-15,49175027;-6,41209274;11;RCSD1;SPPSTPSSPGIRSHP
Rcsd1-S177;-16,01320257;9,530825444;2;RCSD1;PSRRFRRSQSDCGDF
Rcsd1-S179;-7,734672369;-9,687455363;9;RCSD1;RRFRRSQSDCGDFRD
Rcsd1-S246;5,185324076;13,01223935;7;RCSD1;RRRNTCNSTEKPEEL
Rcsd1-S83;-4,004699447;15,60158446;7;RCSD1;PKIKVKSSPLIEKLQ
Rcsd1-T243;-18,42305438;-1,841063291;5;RCSD1;EKPRRRNTCNSTEKP
Rcsd1-T243+S246;-4,974670409;12,76768363;7;RCSD1;EKPRRRNTCNSTEKP
Rcsd1-T243+T247;4,080760379;10,16792285;7;RCSD1;EKPRRRNTCNSTEKP
Reps1-S708;-12,10811049;3,218820386;5;REPS1;PVRRRLKSEDELRPD
Rfc1-S244;-2,673032017;12,52478627;7;RFC1;IKKARKDSEEGEESF
Rfc1-S363;-8,004858237;-11,92817935;9;RFC1;VSPTKRESVSPEDSE
Rftn1-S536;13,09773447;11,85599199;4;RFTN1;DSVALRHSNPRAEAE
Rgs10-S16;-11,65693746;14,72124504;2;RGS10;LSRKRPPSDIHDGDG
Rgs3-S686;18,25907722;8,925679358;4;RGS3;RSEAKRSSLIETGQG
Rgs3-S776;17,45273266;7,807718375;4;RGS3;FTGHRKMSGTDLTEC
Rgs3-T710;15,19662215;4,897301728;4;RGS3;QNSLRRRTHSEGSLL
Rin3-S389;-12,69573437;-2,736670126;13;RIN3;RRISERVSLESQNVG
Rin3-S872;-14,76300158;6,192451728;5;RIN3;KARASRSSVQDFICV
Rltpr-S1214;16,89526751;-0,902077515;8;RLTPR;SPSPRRTSPAPDILS
Rltpr-S1242;14,79494987;12,29375467;4;RLTPR;RPLRLQRSPVLKRRP
Rnf2-S41;-7,776832633;18,03945185;7;RNF2;DGLEIVVSPRSLHSE
Rpp30-S251;-12,49801512;14,84977113;2;RPP30;TVKKPRPSEADDESL
Rps6ka1-S369;-16,21255791;-6,647371051;11;RPS6KA1;HQLFRGFSFVATGLM
Rps6ka3-S386;-17,04954395;-5,526881564;11;RPS6KA3;HQLFRGFSFVAITSD
Rps6-S235_378;-17,75273171;5,006797971;5;RPS6;IAKRRRLSSLRASTS
Rps6-S236_379;-19,28120245;5,140952899;5;RPS6;AKRRRLSSLRASTSK
Rptor-S863;-5,056518167;9,720948147;7;RPTOR;LTQSAPASPTNKGMH
Rrm2-S20;17,68635549;8,503361368;4;RRM2;DQQQLQLSPLKRLTL
Rrp15-S265;0,370683517;11,41893438;7;RRP15;MKDWDKESEGEEPAG
Safb-S366_387;-2,99002861;13,57868525;7;SAFB;RAPTAALSPEPQDSK
Samd1-S150;-11,4965097;12,3295413;2;SAMD1;AAATAPPSPGPAQPG
Samsn1-S23;18,24122066;-6,279522091;3;SAMSN1;QKPKRSSSFGNFDRF
Samsn1-S90;-9,718398124;-8,014154979;13;SAMSN1;KKYIKALSEEKEEES
Sash3-S142;-8,120408625;0,889102807;5;SASH3;EREPPSLSRQTSTGS
Sash3-S27;17,33677098;6,469661498;4;SASH3;LSLQRSSSFKDFAKS
Sash3-S97;-1,346747247;-15,69273085;6;SASH3;KMMVKALSEEMGDTL
Scnm1-S178;19,21979743;-5,91973179;3;SCNM1;ESAALLASAPMSPTK
Scrib-S1361;8,620178122;-19,62596517;1;SCRIB;EGPPKRVSLVGADDL
Scrib-S1490;9,571055315;-15,89598784;1;SCRIB;WRAARMKSLEQDALR
Sec22b-S137;13,37056315;11,66207824;4;SEC22B;RARRNLGSINTELQD
Senp7-S13;-14,4222079;4,653530564;5;SENP7;PGRRRASSEIVTEGK
Sept1-S311;7,246302144;-22,39351521;1;sept-01;RASRSKLSRQSATEI
Sept1-Y5;-9,345203068;-13,8808387;9;sept-01;___MDKEYVGFAALP
Sept6-S416;5,876362195;-17,64255419;1;sept-06;QGSQAGGSQTLKRDK
Sept7-T425;-2,62661652;-13,63450962;6;sept-07;EQQNSSRTLEKNKKK
Sept9-S30;-3,745297825;-15,35878107;6;sept-09;TGPALKRSFEVEEIE
Sept9-S60;8,508445367;-21,37120528;1;sept-09;RATVASSSQKFQDLG
Sept9-S80;9,748554287;-17,62094651;1;sept-09;PAARLVDSLSQRSPK
Sept9-S82;18,28336185;10,47200984;4;sept-09;ARLVDSLSQRSPKPS
Sept9-S85;20,68659136;4,083629352;8;sept-09;VDSLSQRSPKPSLRR
Serbp1-S329;-13,47605274;11,61372271;2;SERBP1;FVLHKSKSEEAHAED
Sgta-S303+S307;5,251725854;10,33834537;7;SGTA;IRSQVVRSRTPSASH
Sgta-S307;-13,05669286;17,72182494;2;SGTA;VVRSRTPSASHEEQQ
Sh2d3c-S354;8,840270758;-17,82855565;1;SH2D3C;GSHMKRRSITMTDGL
Sh3bp1-S553;-12,9773998;4,014717674;5;SH3BP1;QSRRLPASPVISNMP
Sh3kbp1-S108;-1,749465782;-17,8397714;6;SH3KBP1;RRCQVAFSYLPQNDD
Sh3kbp1-S274;0,804662863;-21,88717712;6;SH3KBP1;PIKLRPRSIEVENDF
Sh3kbp1-S537;0,403968297;-18,40443189;6;SH3KBP1;ATGRRPPSQSLTSSS
Sh3kbp1-S539;2,227686003;-21,61609412;6;SH3KBP1;GRRPPSQSLTSSSLS
Sh3kbp1-S630;20,81670533;-2,650197961;3;SH3KBP1;GTAGQRASSPSLFST
Sh3kbp1-S631;19,81231209;-4,89143024;3;SH3KBP1;TAGQRASSPSLFSTE
Shc1-S139;7,954279153;-23,07249247;1;SHC1;EEWTRHGSFVNKPTR
Shc1-Y423;-7,605849005;2,632183007;5;SHC1;ELFDDPSYVNIQNLD
Shroom2-T910+S917;-8,860322014;2,51607582;5;SHROOM2;NPPRRLGTFAEYQAS
Sigirr-S382;4,736418917;15,78783678;7;SIGIRR;CIGESHGSEMDVSDL
Sik3-S1160;-15,23074111;-12,85103125;9;SIK3;FSRNKVPSRESVLGN
Sik3-S616;15,83753569;9,092300588;4;SIK3;FSPVRRFSDGAASIQ
Sik3-S964;17,16395203;9,786486858;4;SIK3;HILQGLLSPRHSLTG
Sipa1-S65;10,44029055;10,69561182;10;SIPA1;VRPPTPASPRARAHS
Sipa1-S72;-13,94969508;14,9184458;2;SIPA1;SPRARAHSHEDASRP
Slc16a1-S210;19,29374078;1,536466757;8;SLC16A1;VKLEKLKSKESLQEA
Slc16a1-S210+S213;7,401316492;10,08339285;7;SLC16A1;VKLEKLKSKESLQEA
Slc16a1-S477;-3,051348004;4,569015644;5;SLC16A1;ETMKAAQSPQQHSSG
Slc26a2-S12;-9,229249011;10,38964467;2;SLC26A2;NKEQHDLSPRDLPEE
Slc9a1-S707;-10,59414698;5,914998056;5;SLC9A1;LSRARIGSDPLAYEP
Slc9a3r1-S297;19,33936858;3,679403473;8;SLC9A3R1;EELNSQDSPKRQVST
Slirp-T104;4,009195712;0,670668938;12;SLIRP;KALHGAQTSDEERFL
Sp100-S168;16,5195809;10,89848809;4;SP100;SASEGWRSNDRRNSN
Sp100-S314;-3,248385588;7,900200833;7;SP100;RDRGGDTSDTESSII
Sp100-T182;8,907866373;4,285959093;10;SP100;NLMQANQTENHQLAE
Sp110-S175;-13,4741651;4,618324495;5;SP110;EILDEQPSPSPRAVP
Sp110-S177;-15,31682995;4,246853753;5;SP110;LDEQPSPSPRAVPLL
Sp110-S214+S226;-3,17825232;4,538120171;5;SP110;DSREMPHSPSGPESV
Spdl1-S552;3,843484728;-2,27819169;12;SPDL1;IEVLHEQSGNTPNSP
Spn-S339;5,221929755;-17,24102959;1;SPN;PTLTTFFSRRKSRQG
Sptan1-S1029;20,41629877;2,109306169;8;SPTAN1;KKLDPAQSASRENLL
Sptan1-S1031;20,32289751;1,231496848;8;SPTAN1;LDPAQSASRENLLEE
Sptbn1-T2327;-1,731749777;-11,75132484;6;SPTBN1;PASSRAQTLPTSVVT
Srp14-S45;11,87610513;9,297477525;10;SRP14;KPIPRKSSVEGLEPA
Srrm2-S1339+S1343;6,103016589;11,34748589;7;SRRM2;SRSSRRSSSELSPEV
Srrm2-S1577;9,933030708;4,234166602;10;SRRM2;AQSGTDSSPEHKIPA
Srrm2-S2075;14,71651875;8,68665339;4;SRRM2;CFSRPSMSPTPLDRC
Srrm2-S2224;-18,27217691;1,294903181;5;SRRM2;AAAMNLASPRTAVAP
Srrm2-S2347;9,137824556;0,309857546;10;SRRM2;LSAYDRVSGRTSPLM
Srrm2-S300;14,8401215;5,661449822;4;SRRM2;GQSPPLASGHQGEGD
Srrm2-S964;8,844013103;-23,79794972;1;SRRM2;LRHSGSTSPYLKSML
Srrm2-S984;21,76255143;-3,613578115;3;SRRM2;QNLSGSKSPCPQKSR
Srrm2-S990;15,6468463;1,111541734;8;SRRM2;KSPCPQKSRDSPTGS
Srrm2-T2056;9,178024797;-23,3173551;1;SRRM2;RNHSGSRTPPVALSS
Stam2-Y192;-12,817437;17,13884749;2;STAM2;YTETKALYPPAESQL
Stam2-Y371;-2,673073362;16,62580137;7;STAM2;LVNEAPVYSVYSKLH
Stat3-S727;-8,285319177;11,86664021;2;STAT3;NTIDLPMSPRTLDSL
Stat4-Y694;-10,95336919;-5,41114696;13;STAT4;TERGDKGYVPSVFIP
Stat5a-Y694;-13,87512705;-10,78504641;9;STAT5A;LAKAVDGYVKPQIKQ
Stat6-Y641;-10,21246441;-13,10026901;9;STAT6;MGKDGRGYVSTTIKM
Stim1-S521;18,38294262;3,387778861;8;STIM1;RDLTHSDSESSLHMS
Stim2-S28;16,86057799;8,692703489;4;STIM2;HLRGRRASGSAGAAA
Stim2-S626;18,22840073;2,264998776;8;STIM2;TLSSRKISRDELSLE
Stim2-S678;19,63782808;6,09677917;8;STIM2;YNGILEKSCSMHQLS
Stim2-S680;18,64084347;-2,478144993;3;STIM2;GILEKSCSMHQLSSG
Stim2-S719;13,88274814;-1,746738999;3;STIM2;SNVSRVSSIPHDLCH
Stk10-S13;6,396746087;-20,66271381;1;STK10;FRRILRLSTFEKRKS
Stk10-S416;-14,27284183;-13,80408165;9;STK10;LRKSRPLSMDARIQM
Stk10-T950;-15,0789001;1,889592624;5;STK10;EAEPRPTTPSKASNF
Stk39-S383;-17,4453516;-4,837644024;11;STK39;VRRVPGSSGHLHKTE
Stk4-S418;8,781795621;-13,56965647;1;STK4;FGKNVSGSLKNSSDW
Stmn1-S16;0,53388519;-13,1043437;6;STMN1;KELEKRASGQAFELI
Stmn1-S16+S25;-17,60844955;-0,13218337;5;STMN1;KELEKRASGQAFELI
Stmn1-S25;-9,74450501;13,08072989;2;STMN1;QAFELILSPRSKESV
Stmn1-S46_80;-19,30613072;5,36021908;5;STMN1;PPKKKDLSLEEIQKK
Stmn1-S63;-12,78791676;18,3583745;2;STMN1;AAEERRKSHEAEVLK
Sub1-S15;6,250376561;1,272685986;12;SUB1;VSSSSSGSDSDSEVE
Sub1-S55;-20,82765723;-0,398111922;5;SUB1;ALASSKQSSSSRDDN
Sun2-S12;-5,201671588;5,69139491;5;SUN2;SQRLTRYSQDDNDGG
Sun2-S281;16,32445104;6,356312169;4;SUN2;VWESRDASQHFQAEQ
Svil-S227;0,946935403;15,29367973;7;SVIL;SFPEVPRSPKQIPSS
Syap1-T262;19,00372642;-6,509290578;3;SYAP1;TEAVRPKTPPVVIKS
Tapbp-S461;10,48182186;7,113005584;10;TAPBP;SLTIPRNSKKSQ___
Tbc1d1-S231;8,801802427;-12,62964208;1;TBC1D1;RPMRKSFSQPGLRSL
Tbc1d1-S521;7,213550949;-18,1182409;1;TBC1D1;GLQDHSASVDLDSST
Tbc1d1-S621;-3,691316081;-15,38586397;6;TBC1D1;RKLMRYHSVSTETPH
Tbc1d5-T576;3,915241636;13,51367404;7;TBC1D5;LPGGREFTGSPPPSA
Tbxa2r-S328;-1,442234304;-13,07788007;6;TBXA2R;SSQLQAVSLRRPPAQ
Thrap3-S248+S253;3,327800536;12,95260266;7;THRAP3;DLSPRERSPALKSPL
Thrap3-S572;-14,99736546;5,642628328;5;THRAP3;QVNVRMDSFDEDLAR
Thrap3-S695;-3,22394836;11,46352712;7;THRAP3;LTHEELKSPREPGYK
Tlk1-S22;13,9090461;7,817779543;4;TLK1;SWSRLSTSPTPGSAA
Tmc8-S666;20,81265742;-4,958441747;3;TMC8;PEPGSPHSRASRPRS
Tmpo-S155_155+S158_158;0,511099398;-12,44231979;6;TMPO;LREQGTESRSSTPLP
Tmpo-S305;16,76041731;7,843484321;4;TMPO;TGNFKHASSILPITE
Tmpo-S314;18,18412069;5,655653453;8;TMPO;ILPITEFSDITRRTP
Tmpo-T159_159;3,235516379;-0,322056216;12;TMPO;GTESRSSTPLPTVSS
Tmsb10-T23;-2,557343337;-15,93766589;6;TMSB10;AKLKKTETQEKNTLP
Tmsb4x-T27;-2,085259581;-12,79549889;6;TMSB4X;DKSKLKKTETQEKNP
Tmsb4x-T29;-4,134300491;-14,16375329;6;TMSB4X;SKLKKTETQEKNPLP
Tnik-S651;18,39635665;9,605722877;4;TNIK;PQRTTSISPALARKN
Tnip1-S416;17,62395054;0,806165232;8;TNIP1;RYLQDQLSPLTRQRE
Tnk2-Y842;-16,47568577;2,577987436;5;TNK2;SFASDPKYATPQVIQ
Tnks1bp1-S1022;-6,624307422;12,81947052;7;TNKS1BP1;GASGGLLSPSTPHSR
Toe1-S349;-4,816959906;14,44457865;7;TOE1;RKDKRKRSLQSQPGT
Toe1-S412;2,614997903;12,56379586;7;TOE1;EMAHRRTSAETADVA
Tom1-S462;-0,009791663;17,2141447;7;TOM1;DRLPNLASPSAEGPP
Top2b-S1537;0,950788673;9,36864308;7;TOP2B;GAKKRKASGSENEGD
Tpd52l2-S180;0,792263582;-16,39193965;6;TPD52L2;RNSATFKSFEDRVGT
Tpd52-S175;-8,718800668;-14,19330396;9;TPD52;KNSPTFKSFEEKVEN
Tpr-S2223;-16,03116988;-1,999130624;5;TPR;GFAEAIHSPQVAGVP
Tpr-S720;-6,442245311;15,40453451;7;TPR;LSTPKRSSTSQTVST
Tpx2-S737;-19,91811601;0,824087875;5;TPX2;LPLTVPVSPKFSTRF
Tram2-S332;12,4952395;6,941635856;10;TRAM2;QSAKRRVSAVPRPPA
Trim28-S473;-0,833342118;13,73779953;7;TRIM28;SGMKRSRSGEGEVSG
Trim28-S489;-12,78983497;1,762627714;5;TRIM28;LRKVPRVSLERLDLD
Trim28-S594;-15,43757342;15,52138625;2;TRIM28;AEGPRLASPSGSTSS
Trim33-S1134;-11,34919249;12,11697666;2;TRIM33;PRRKRLKSDERPVHI
Trp53i11-S14;-10,91927926;-10,66347219;9;TRP53I11;PPLMKKHSQTDLVSR
Tsc22d4-T167;15,8253775;-8,278830059;3;TSC22D4;GPQARSFTGGLGQLA
Tubgcp3-S894;-13,76372285;-6,312565024;11;TUBGCP3;REPRLRVSLGSRGRR
Tut1-S655;4,781908952;2,682500299;12;TUT1;EGARIKDSPLGGVNK
Twistnb-S318;-3,174165735;13,87493622;7;TWISTNB;KKKKRKHSEEANFES
U2surp-S202;-16,04082302;-8,935098841;11;U2SURP;GEKEKKKSNLELFKE
Ubash3a-Y9;-10,85854044;-7,072186531;9;UBASH3A;AAGETQLYAKVSNKL
Ubxn1-S188;17,2636243;-3,103157059;3;UBXN1;GSVGSRSSPPATDPG
Ubxn7-S258;-14,14762077;4,1252512;5;UBXN7;KKCARSESLIDASED
Ubxn7-S266;8,625853144;-17,96385707;1;UBXN7;LIDASEDSQLEAAIR
Uri1-S439;-6,593109278;-15,27056935;6;URI1;RGLLRSTSSEEAVAT
Utp14a-S567;-7,970661589;3,775544165;5;UTP14A;LLTTRTPSVTSLALP
Vamp4-S17;3,586271931;15,60143426;7;VAMP4;NDDDVTGSVKSERRN
Vasp-S235;7,087958508;10,75577437;7;VASP;GAKLRKVSKQEEASG
Vasp-S318;-1,895557239;-13,62313132;6;VASP;TLPRMKSSSSVTTSE
Vasp-S319;-0,624171387;-13,61338929;6;VASP;LPRMKSSSSVTTSEA
Vipas39-S119;9,589073609;-16,57190967;1;VIPAS39;RGRTRPGSFQSLSDA
Wdhd1-S1077;-17,91056632;3,364608655;5;WDHD1;KKRKRVVSEICETEN
Wdr44-S346;8,116497955;5,722601084;10;WDR44;PQRPRSNSGRELTDE
Wdr81-S1570;-15,26674714;3,341335381;5;WDR81;IPDSQPQSPGPLGSL
Whsc1l1-S457;-7,78965543;14,48734833;7;WHSC1L1;QSQRRHTSLEEEEPP
Whsc1l1-T456;-7,751308054;13,53593938;7;WHSC1L1;RQSQRRHTSLEEEEP
Wipf1-S268;7,114155605;-17,90676291;1;WIPF1;PPVGNRPSMHREAVP
Wipf1-S330;7,465622051;-18,70460538;1;WIPF1;RLPQRNLSLTSSAPP
Wipf1-S340;-17,42886317;5,083445408;5;WIPF1;SSAPPLPSPGRSGPL
Wipi2-S394;-13,0328282;9,176674294;2;WIPI2;AKGAYVPSSPTRLGK
Wiz-S1016;-14,11891923;12,9982378;2;WIZ;GLTHPSSSPLLKKAP
Wnk1-S2367;-10,36384759;-10,81763046;9;WNK1;SNLQKSISNPPGSNL
Xpo4-S521;-14,16696029;-11,22722459;9;XPO4;HQQQFLASPGSSTID
Ybx3-S328;12,17255416;7,463698178;10;YBX3;PYNYRRRSRPLNAVS
Zap70-S490+Y492;-7,319631904;-10,72038458;9;ZAP70;KALGADDSYYTARSA
Zap70-T291;-5,179528316;-9,484176186;9;ZAP70;TLNSDGYTPEPARLA
Zap70-Y290;-9,696552425;-8,968570243;9;ZAP70;DTLNSDGYTPEPARL
Zap70-Y491;-6,840239332;-9,937346851;9;ZAP70;ALGADDSYYTARSAG
Zap70-Y491+Y492;-19,22974136;-2,759503057;5;ZAP70;ALGADDSYYTARSAG
Zap70-Y492;-7,77757936;-8,107844364;13;ZAP70;LGADDSYYTARSAGK
Zc3h11a-S289;-17,82312294;0,750070052;5;ZC3H11A;RLGKRKLSVGGDSDP
Zc3h11a-S740;-15,48468879;-2,448300777;5;ZC3H11A;ATKPRRLSSASTGKP
Zc3h14-S309;-3,775157668;15,79266056;7;ZC3H14;VVKVKRFSHDGEEEE
Zc3h4-S1111;14,19119198;3,349506018;4;ZC3H4;SPPAASPSGDSSPPA
Zc3h4-S1270+S1276;6,483147092;-23,28496145;1;ZC3H4;APKTGTGSPFAGNSP
Zc3hc1-S343;1,851782939;14,52465041;7;ZC3HC1;GSEQSEKSPGPIVSR
Zc3hc1-S394;3,509676502;9,372127442;7;ZC3HC1;AGVEVPSSPLRRTKR
Zc3hc1-S406;-12,78958592;11,92325565;2;ZC3HC1;TKRARLCSSSSSDTS
Zc3hc1-T351;-6,482455349;4,314753935;5;ZC3HC1;PGPIVSRTRSWESSS
Zcchc11-S131;20,16972787;0,515380106;8;ZCCHC11;KAEKVPKSPNLPVKA
Zcchc8-S660;-12,54469012;15,33230446;2;ZCCHC8;PMAPKTHSPVPDMSK
Zfr-S1054;-6,303556659;13,55302612;7;ZFR;NRKRRRDSDGVDGFE
Znrf2-S18;-9,386603866;2,646747911;5;ZNRF2;NGRTRAYSGSDLPSG
Zfp36l2-S480;-15,09412928;-2,823372012;5;ZFP36L2;LPIFSRLSISDD___
